{
   "$schema": "https://schema.management.azure.com/schemas/0.1.2-preview/CreateUIDefinition.MultiVm.json#",
   "handler": "Microsoft.Azure.CreateUIDef",
   "version": "0.1.2-preview",
   "parameters": {
        "basics": [
            {
                "name": "workspaceName",
                "type": "Microsoft.Common.TextBox",
                "label": "Workspace name",
                "defaultValue": "my workspace name",
                "toolTip": "Use only allowed characters",
                "constraints": {
                    "required": true,
                    "regex": "^[a-z0-9A-Z]{1,30}$",
                    "validationMessage": "Only alphanumeric characters are allowed, and the value must be 1-30 characters long."
                }
            }
        ],
        "steps": [
            {
                "name": "workspaceConfig",
                "label": "Workspace settings",
                "subLabel": {
                    "preValidation": "Configure the workspace settings",
                    "postValidation": "Done"
                },
                "bladeTitle": "Workspace settings",
                "elements": []
            }
        ],
        "outputs": {
            "name": "[basics('workspaceName')]",
            "location": "[location()]"
        },
        "resourceTypes": [
            "Microsoft.Experimentation/experimentWorkspaces"
        ]
    }
}