{
    "$schema": "https://schema.management.azure.com/schemas/2015-01-01/deploymentTemplate.json#",
    "contentVersion": "1.0.0.0",
    "parameters": {
        "name": {
            "type": "string"
        },
        "location": {
            "type": "string",
            "defaultValue": "[resourceGroup().location]"
        }
    },
    "resources": [
        {
            "type": "Microsoft.Experimentation/experimentWorkspaces",
            "name": "[parameters('name')]",
            "apiVersion": "2019-11-01-preview",
            "location": "[parameters('location')]",
            "properties": {
                "tasClusters": []
            }
        }
    ]
}